shipment_id,source,target,date,vehicle_type,goods_type,weight_kg,status
SH0001,N02,N01,2025-06-20,Truck,Fabric,1830,Pending
SH0002,N03,N17,2025-07-25,Truck,Thread,2366,Delivered
SH0003,N14,N12,2025-06-19,Truck,Packaging,1549,Delivered
SH0004,N10,N14,2025-06-14,Truck,Thread,1228,Pending
SH0005,N05,N17,2025-06-15,Truck,Packaging,1603,Delivered
SH0006,N18,N12,2025-07-05,Train,Fabric,2332,Delivered
SH0007,N07,N02,2025-07-22,Train,Fabric,808,In-Transit
SH0008,N14,N20,2025-07-08,Truck,Packaging,2502,In-Transit
SH0009,N10,N17,2025-06-18,Truck,Garments,1832,Delivered
SH0010,N12,N15,2025-07-22,Truck,Zippers,2834,Delivered
SH0011,N16,N06,2025-06-25,Truck,Packaging,2846,In-Transit
SH0012,N17,N03,2025-06-23,Truck,Garments,1885,Pending
SH0013,N11,N16,2025-07-03,Train,Packaging,869,Delivered
SH0014,N16,N05,2025-07-22,Train,Fabric,1398,Pending
SH0015,N06,N17,2025-07-08,Truck,Packaging,1938,In-Transit
SH0016,N07,N04,2025-07-24,Train,Packaging,901,In-Transit
SH0017,N10,N01,2025-06-23,Truck,Fabric,2892,Delivered
SH0018,N04,N15,2025-07-25,Truck,Zippers,1819,Pending
SH0019,N17,N11,2025-07-13,Train,Packaging,2177,In-Transit
SH0020,N03,N17,2025-07-21,Train,Thread,537,Delivered
SH0021,N06,N07,2025-06-18,Truck,Packaging,949,Pending
SH0022,N20,N17,2025-07-28,Train,Zippers,2213,Pending
SH0023,N13,N06,2025-07-08,Truck,Fabric,372,Pending
SH0024,N03,N07,2025-06-23,Truck,Packaging,1931,Pending
SH0025,N10,N04,2025-06-25,Train,Packaging,2334,Pending
SH0026,N04,N05,2025-07-09,Train,Packaging,2629,Pending
SH0027,N05,N03,2025-07-24,Truck,Fabric,265,Delivered
SH0028,N01,N18,2025-07-26,Truck,Fabric,265,Pending
SH0029,N16,N07,2025-07-28,Train,Fabric,289,Pending
SH0030,N05,N01,2025-06-19,Truck,Fabric,312,In-Transit
SH0031,N20,N13,2025-06-30,Truck,Fabric,2680,In-Transit
SH0032,N14,N01,2025-07-19,Train,Garments,2270,Delivered
SH0033,N20,N15,2025-07-23,Truck,Garments,1240,In-Transit
SH0034,N11,N13,2025-07-16,Train,Packaging,2074,Pending
SH0035,N20,N14,2025-07-22,Truck,Thread,2328,Pending
SH0036,N04,N12,2025-06-30,Truck,Thread,1481,Pending
SH0037,N16,N06,2025-07-07,Truck,Garments,1840,Delivered
SH0038,N01,N07,2025-07-13,Truck,Fabric,276,In-Transit
SH0039,N12,N04,2025-07-15,Truck,Fabric,2838,In-Transit
SH0040,N14,N17,2025-07-05,Truck,Thread,2490,In-Transit
SH0041,N03,N12,2025-06-19,Train,Garments,2091,Pending
SH0042,N04,N18,2025-07-05,Train,Thread,395,In-Transit
SH0043,N01,N15,2025-07-07,Train,Packaging,2859,Pending
SH0044,N07,N15,2025-07-10,Truck,Garments,2436,In-Transit
SH0045,N11,N04,2025-07-25,Truck,Fabric,1172,In-Transit
SH0046,N15,N03,2025-06-20,Train,Thread,1992,Pending
SH0047,N05,N15,2025-06-17,Train,Packaging,261,Delivered
SH0048,N12,N02,2025-07-23,Truck,Thread,2252,Pending
SH0049,N17,N04,2025-07-11,Train,Garments,1306,In-Transit
SH0050,N10,N04,2025-06-20,Truck,Packaging,1081,In-Transit
SH0051,N18,N05,2025-07-13,Train,Zippers,2778,Pending
SH0052,N12,N11,2025-07-24,Train,Fabric,2449,Pending
SH0053,N20,N14,2025-06-27,Truck,Thread,1580,Delivered
SH0054,N07,N14,2025-06-14,Train,Packaging,611,In-Transit
SH0055,N16,N12,2025-06-17,Train,Packaging,1638,Delivered
SH0056,N03,N11,2025-07-20,Truck,Fabric,1550,Pending
SH0057,N07,N03,2025-07-17,Train,Fabric,932,Pending
SH0058,N04,N02,2025-07-12,Truck,Packaging,1717,Pending
SH0059,N01,N06,2025-07-25,Train,Zippers,1369,Pending
SH0060,N04,N02,2025-07-15,Truck,Garments,1997,Delivered
SH0061,N03,N10,2025-06-20,Train,Zippers,2938,In-Transit
SH0062,N12,N11,2025-07-05,Truck,Zippers,1412,Pending
SH0063,N14,N01,2025-06-22,Truck,Fabric,851,Pending
SH0064,N10,N12,2025-07-07,Train,Garments,1796,In-Transit
SH0065,N05,N03,2025-07-20,Truck,Zippers,203,Delivered
SH0066,N12,N17,2025-07-23,Train,Thread,994,In-Transit
SH0067,N01,N13,2025-07-18,Train,Fabric,2432,Pending
SH0068,N17,N20,2025-07-15,Truck,Thread,1002,In-Transit
SH0069,N16,N12,2025-06-18,Train,Fabric,259,In-Transit
SH0070,N15,N12,2025-07-06,Train,Fabric,545,In-Transit
SH0071,N12,N03,2025-06-15,Truck,Garments,2575,Delivered
SH0072,N04,N13,2025-06-29,Train,Packaging,2304,In-Transit
SH0073,N10,N12,2025-07-06,Train,Packaging,2816,Delivered
SH0074,N01,N05,2025-07-18,Train,Packaging,356,Pending
SH0075,N02,N16,2025-07-28,Truck,Thread,891,In-Transit
SH0076,N14,N20,2025-07-22,Train,Thread,1220,Pending
SH0077,N15,N02,2025-06-15,Train,Thread,1950,Pending
SH0078,N01,N14,2025-06-22,Truck,Thread,2265,In-Transit
SH0079,N13,N18,2025-07-11,Train,Packaging,1786,Delivered
SH0080,N12,N10,2025-06-17,Train,Zippers,1295,Pending
SH0081,N04,N20,2025-07-12,Train,Fabric,57,In-Transit
SH0082,N02,N03,2025-07-07,Train,Zippers,1323,Pending
SH0083,N11,N10,2025-07-24,Truck,Garments,1468,Pending
SH0084,N10,N13,2025-07-04,Train,Zippers,900,Delivered
SH0085,N20,N07,2025-07-14,Train,Fabric,316,In-Transit
SH0086,N05,N02,2025-06-29,Train,Packaging,2793,Pending
SH0087,N04,N10,2025-06-20,Truck,Zippers,887,In-Transit
SH0088,N01,N15,2025-07-01,Train,Garments,1878,Pending
SH0089,N02,N18,2025-07-28,Train,Garments,1472,Pending
SH0090,N11,N06,2025-06-17,Truck,Thread,68,Delivered
SH0091,N07,N06,2025-07-23,Train,Garments,2254,Pending
SH0092,N11,N12,2025-07-04,Truck,Garments,628,Delivered
SH0093,N14,N04,2025-06-16,Train,Zippers,1720,Delivered
SH0094,N20,N03,2025-06-26,Truck,Packaging,2024,Pending
SH0095,N06,N20,2025-06-24,Truck,Fabric,314,In-Transit
SH0096,N17,N20,2025-07-25,Train,Garments,1100,Pending
SH0097,N13,N01,2025-07-19,Truck,Zippers,2353,Delivered
SH0098,N04,N02,2025-06-28,Train,Fabric,966,Delivered
SH0099,N10,N18,2025-07-04,Train,Garments,1979,Delivered
SH0100,N01,N04,2025-06-14,Truck,Zippers,792,Delivered
SH0101,N02,N01,2025-06-21,Train,Fabric,287,Delivered
SH0102,N06,N03,2025-07-09,Train,Packaging,517,Pending
SH0103,N01,N17,2025-07-01,Train,Garments,1032,Pending
SH0104,N12,N11,2025-06-18,Truck,Garments,1439,Pending
SH0105,N16,N18,2025-06-21,Train,Garments,495,Pending
SH0106,N03,N10,2025-07-14,Train,Thread,2864,Pending
SH0107,N05,N01,2025-07-27,Truck,Zippers,1004,Pending
SH0108,N10,N07,2025-07-26,Truck,Thread,1424,Delivered
SH0109,N20,N14,2025-07-24,Truck,Fabric,2974,Delivered
SH0110,N17,N06,2025-07-01,Truck,Thread,1724,In-Transit
SH0111,N18,N07,2025-07-02,Train,Thread,2813,Delivered
SH0112,N02,N10,2025-06-20,Train,Packaging,2527,Delivered
SH0113,N17,N16,2025-07-08,Truck,Thread,157,Delivered
SH0114,N04,N03,2025-07-01,Train,Thread,514,Delivered
SH0115,N02,N13,2025-07-25,Train,Fabric,1664,Pending
SH0116,N18,N14,2025-06-16,Truck,Fabric,1230,Pending
SH0117,N01,N11,2025-07-06,Train,Fabric,751,Pending
SH0118,N02,N01,2025-06-16,Train,Thread,915,Delivered
SH0119,N20,N05,2025-07-01,Truck,Thread,1279,Pending
SH0120,N15,N10,2025-07-14,Truck,Packaging,1587,In-Transit
SH0121,N11,N03,2025-06-28,Truck,Thread,529,Pending
SH0122,N18,N17,2025-06-15,Train,Packaging,1619,In-Transit
SH0123,N13,N14,2025-07-13,Train,Packaging,371,In-Transit
SH0124,N12,N01,2025-07-21,Truck,Thread,305,Delivered
SH0125,N07,N02,2025-06-16,Truck,Zippers,110,In-Transit
SH0126,N17,N20,2025-06-14,Truck,Zippers,1775,Pending
SH0127,N10,N01,2025-07-19,Train,Garments,2343,In-Transit
SH0128,N14,N12,2025-06-30,Truck,Thread,2412,Delivered
SH0129,N12,N17,2025-07-18,Train,Fabric,1374,Pending
SH0130,N10,N12,2025-06-14,Truck,Thread,1728,Pending
SH0131,N16,N04,2025-07-22,Truck,Zippers,2956,Pending
SH0132,N03,N05,2025-06-27,Train,Garments,730,Delivered
SH0133,N05,N16,2025-07-12,Truck,Fabric,1754,Delivered
SH0134,N15,N03,2025-06-28,Train,Fabric,1648,Delivered
SH0135,N15,N07,2025-06-19,Truck,Thread,1048,Delivered
SH0136,N13,N14,2025-07-05,Train,Packaging,1086,Delivered
SH0137,N12,N06,2025-07-21,Train,Garments,1901,Delivered
SH0138,N03,N11,2025-06-23,Train,Thread,762,In-Transit
SH0139,N11,N03,2025-07-09,Train,Zippers,2473,Pending
SH0140,N04,N16,2025-06-14,Truck,Thread,2303,Pending
SH0141,N02,N18,2025-07-23,Truck,Thread,1326,Delivered
SH0142,N03,N18,2025-06-16,Truck,Packaging,2686,In-Transit
SH0143,N12,N03,2025-07-22,Truck,Zippers,2221,Delivered
SH0144,N07,N05,2025-07-21,Truck,Packaging,2243,Pending
SH0145,N13,N16,2025-06-27,Truck,Garments,1645,In-Transit
SH0146,N12,N05,2025-06-19,Train,Garments,2110,Pending
SH0147,N17,N16,2025-06-19,Train,Zippers,2277,Delivered
SH0148,N06,N13,2025-07-08,Train,Fabric,216,Pending
SH0149,N11,N20,2025-06-29,Truck,Thread,2849,Delivered
SH0150,N15,N17,2025-06-14,Train,Thread,1681,Pending
SH0151,N02,N06,2025-06-24,Train,Packaging,1721,Delivered
SH0152,N15,N04,2025-07-07,Truck,Garments,1798,Delivered
SH0153,N16,N07,2025-07-17,Train,Garments,2111,Pending
SH0154,N02,N20,2025-06-21,Truck,Zippers,2349,Delivered
SH0155,N07,N04,2025-07-23,Truck,Zippers,53,Pending
SH0156,N05,N12,2025-07-11,Train,Garments,2960,In-Transit
SH0157,N13,N02,2025-06-25,Truck,Packaging,916,Delivered
SH0158,N13,N02,2025-06-28,Train,Thread,640,Delivered
SH0159,N03,N05,2025-07-12,Truck,Packaging,2838,Pending
SH0160,N11,N02,2025-06-17,Train,Zippers,1040,Pending
SH0161,N11,N17,2025-07-15,Train,Thread,90,Delivered
SH0162,N02,N14,2025-07-22,Train,Packaging,1129,In-Transit
SH0163,N07,N11,2025-06-27,Truck,Garments,420,Pending
SH0164,N15,N06,2025-07-03,Train,Fabric,471,In-Transit
SH0165,N01,N16,2025-07-17,Train,Thread,2930,In-Transit
SH0166,N11,N07,2025-06-25,Train,Packaging,938,Pending
SH0167,N07,N16,2025-06-14,Truck,Garments,974,Delivered
SH0168,N12,N11,2025-07-11,Truck,Packaging,2714,In-Transit
SH0169,N01,N04,2025-07-10,Truck,Thread,1281,Delivered
SH0170,N10,N04,2025-07-11,Train,Fabric,612,Delivered
SH0171,N06,N15,2025-07-27,Truck,Thread,109,Delivered
SH0172,N11,N12,2025-07-23,Train,Garments,2118,In-Transit
SH0173,N16,N04,2025-06-19,Truck,Zippers,2397,In-Transit
SH0174,N04,N02,2025-06-21,Truck,Zippers,2968,In-Transit
SH0175,N11,N05,2025-06-23,Truck,Packaging,1624,In-Transit
SH0176,N20,N13,2025-06-21,Truck,Packaging,1078,Pending
SH0177,N03,N06,2025-07-07,Truck,Packaging,2645,Pending
SH0178,N18,N01,2025-07-20,Truck,Zippers,1444,In-Transit
SH0179,N16,N14,2025-06-15,Truck,Packaging,2002,Delivered
SH0180,N16,N11,2025-06-28,Truck,Garments,2385,Pending
SH0181,N13,N11,2025-07-11,Truck,Fabric,1864,Pending
SH0182,N06,N17,2025-07-22,Truck,Packaging,1024,Pending
SH0183,N17,N02,2025-07-11,Train,Garments,1319,Pending
SH0184,N04,N16,2025-06-19,Train,Fabric,2241,In-Transit
SH0185,N13,N10,2025-07-01,Train,Fabric,2367,In-Transit
SH0186,N17,N12,2025-06-19,Train,Thread,1966,In-Transit
SH0187,N13,N01,2025-07-05,Truck,Packaging,796,In-Transit
SH0188,N18,N03,2025-06-24,Truck,Packaging,2374,Pending
SH0189,N05,N20,2025-07-26,Train,Fabric,1396,Delivered
SH0190,N11,N13,2025-07-08,Train,Zippers,2388,In-Transit
SH0191,N11,N12,2025-07-28,Truck,Packaging,2063,In-Transit
SH0192,N10,N06,2025-07-22,Train,Zippers,1621,Delivered
SH0193,N03,N11,2025-07-19,Train,Thread,480,Pending
SH0194,N03,N05,2025-07-28,Truck,Thread,1574,Delivered
SH0195,N11,N05,2025-06-26,Train,Fabric,1770,Pending
SH0196,N05,N06,2025-07-07,Train,Thread,1218,Pending
SH0197,N20,N15,2025-06-28,Truck,Garments,2903,In-Transit
SH0198,N10,N12,2025-07-07,Truck,Garments,1150,Delivered
SH0199,N13,N11,2025-07-28,Train,Thread,1217,In-Transit
SH0200,N10,N16,2025-07-24,Truck,Thread,1562,Pending
SH0201,N13,N20,2025-06-28,Train,Garments,1895,In-Transit
SH0202,N06,N15,2025-07-08,Truck,Zippers,2144,Delivered
SH0203,N17,N16,2025-07-27,Train,Zippers,2384,In-Transit
SH0204,N10,N14,2025-07-19,Train,Thread,570,Delivered
SH0205,N07,N02,2025-07-03,Train,Thread,1781,Pending
SH0206,N15,N20,2025-06-15,Train,Fabric,331,In-Transit
SH0207,N17,N15,2025-07-01,Truck,Thread,2843,In-Transit
SH0208,N06,N13,2025-07-11,Train,Garments,1344,In-Transit
SH0209,N20,N13,2025-07-16,Train,Packaging,976,Delivered
SH0210,N01,N05,2025-06-23,Train,Thread,2929,In-Transit
SH0211,N18,N16,2025-07-01,Train,Thread,2369,Pending
SH0212,N11,N03,2025-07-01,Train,Garments,837,In-Transit
SH0213,N15,N01,2025-07-04,Truck,Garments,1059,Pending
SH0214,N12,N06,2025-07-13,Truck,Packaging,2162,Pending
SH0215,N17,N03,2025-06-27,Truck,Fabric,124,In-Transit
SH0216,N02,N01,2025-07-07,Train,Garments,704,In-Transit
SH0217,N07,N15,2025-06-25,Truck,Packaging,2357,Pending
SH0218,N10,N12,2025-07-14,Truck,Zippers,1621,In-Transit
SH0219,N02,N18,2025-06-27,Truck,Zippers,1570,In-Transit
SH0220,N13,N03,2025-06-24,Train,Packaging,2213,In-Transit
SH0221,N01,N17,2025-06-17,Truck,Fabric,2909,Delivered
SH0222,N03,N16,2025-07-10,Truck,Fabric,2433,Pending
SH0223,N02,N03,2025-07-11,Train,Zippers,2188,In-Transit
SH0224,N05,N18,2025-06-14,Truck,Garments,2485,Delivered
SH0225,N20,N18,2025-07-06,Train,Zippers,2873,Delivered
SH0226,N15,N05,2025-07-27,Truck,Packaging,1381,Pending
SH0227,N16,N11,2025-07-22,Truck,Garments,1310,Pending
SH0228,N11,N20,2025-07-04,Train,Garments,909,Pending
SH0229,N04,N13,2025-07-23,Truck,Packaging,1261,Delivered
SH0230,N20,N06,2025-06-23,Train,Fabric,1215,In-Transit
SH0231,N02,N03,2025-06-20,Truck,Thread,353,Delivered
SH0232,N17,N14,2025-07-23,Train,Zippers,177,In-Transit
SH0233,N10,N11,2025-07-03,Truck,Zippers,1806,In-Transit
SH0234,N13,N20,2025-07-14,Train,Packaging,493,In-Transit
SH0235,N06,N17,2025-07-19,Train,Packaging,457,In-Transit
SH0236,N07,N13,2025-06-20,Train,Garments,2442,Delivered
SH0237,N11,N10,2025-07-07,Truck,Packaging,1582,In-Transit
SH0238,N03,N20,2025-06-17,Truck,Zippers,2499,Pending
SH0239,N01,N11,2025-06-28,Truck,Zippers,1905,Pending
SH0240,N20,N06,2025-07-14,Truck,Thread,1870,In-Transit
SH0241,N10,N01,2025-06-21,Train,Fabric,1944,Delivered
SH0242,N02,N12,2025-07-02,Train,Fabric,1107,Pending
SH0243,N01,N07,2025-07-07,Truck,Thread,1666,Pending
SH0244,N10,N04,2025-07-26,Truck,Fabric,2615,Pending
SH0245,N02,N14,2025-07-07,Truck,Packaging,1133,In-Transit
SH0246,N14,N12,2025-06-23,Train,Garments,1591,Pending
SH0247,N17,N15,2025-07-07,Truck,Garments,2709,Delivered
SH0248,N06,N11,2025-06-20,Train,Fabric,1273,In-Transit
SH0249,N05,N04,2025-07-18,Truck,Garments,2943,Pending
SH0250,N20,N17,2025-07-13,Truck,Thread,771,Delivered
SH0251,N03,N06,2025-07-08,Train,Thread,1334,Pending
SH0252,N06,N15,2025-07-26,Truck,Garments,2860,Delivered
SH0253,N18,N20,2025-06-14,Truck,Fabric,1416,In-Transit
SH0254,N17,N12,2025-07-28,Train,Garments,585,In-Transit
SH0255,N04,N05,2025-07-12,Truck,Garments,312,In-Transit
SH0256,N11,N18,2025-07-12,Truck,Thread,2605,Pending
SH0257,N10,N12,2025-07-24,Train,Garments,1870,In-Transit
SH0258,N02,N03,2025-07-23,Train,Garments,58,Delivered
SH0259,N15,N10,2025-06-18,Train,Thread,2566,Pending
SH0260,N06,N04,2025-06-24,Truck,Packaging,789,In-Transit
SH0261,N18,N14,2025-07-21,Train,Packaging,1383,Delivered
SH0262,N15,N13,2025-06-24,Train,Thread,2828,Pending
SH0263,N02,N11,2025-06-20,Train,Zippers,1148,Delivered
SH0264,N01,N04,2025-06-14,Truck,Zippers,357,Pending
SH0265,N14,N05,2025-07-03,Train,Garments,372,Pending
SH0266,N03,N06,2025-07-14,Truck,Garments,1842,In-Transit
SH0267,N15,N04,2025-07-03,Train,Zippers,1035,In-Transit
SH0268,N10,N03,2025-07-01,Truck,Garments,427,Delivered
SH0269,N13,N10,2025-07-26,Truck,Zippers,1365,In-Transit
SH0270,N15,N10,2025-07-11,Train,Thread,615,In-Transit
SH0271,N01,N11,2025-07-06,Train,Garments,1633,Delivered
SH0272,N16,N05,2025-07-15,Truck,Garments,250,Delivered
SH0273,N17,N18,2025-06-15,Train,Packaging,223,Pending
SH0274,N20,N04,2025-06-28,Truck,Zippers,501,Delivered
SH0275,N03,N12,2025-07-18,Truck,Thread,2700,Pending
SH0276,N18,N13,2025-06-24,Train,Fabric,1160,In-Transit
SH0277,N07,N16,2025-07-09,Train,Zippers,185,Delivered
SH0278,N03,N14,2025-07-18,Train,Garments,1079,In-Transit
SH0279,N12,N05,2025-07-11,Train,Packaging,93,Pending
SH0280,N04,N15,2025-07-15,Train,Zippers,1854,In-Transit
SH0281,N17,N20,2025-06-26,Truck,Fabric,723,In-Transit
SH0282,N01,N16,2025-06-21,Truck,Zippers,2397,Pending
SH0283,N20,N11,2025-07-07,Truck,Packaging,478,In-Transit
SH0284,N10,N14,2025-07-03,Train,Garments,1752,Pending
SH0285,N03,N16,2025-06-24,Truck,Packaging,2480,Pending
SH0286,N12,N02,2025-07-13,Train,Thread,2933,In-Transit
SH0287,N10,N07,2025-06-18,Train,Fabric,1736,In-Transit
SH0288,N16,N17,2025-07-28,Train,Thread,2336,Delivered
SH0289,N13,N12,2025-06-14,Train,Zippers,2007,Pending
SH0290,N02,N07,2025-07-25,Truck,Fabric,2824,Delivered
SH0291,N12,N06,2025-06-28,Train,Zippers,786,Pending
SH0292,N15,N11,2025-07-26,Train,Thread,2949,Delivered
SH0293,N11,N20,2025-07-06,Truck,Packaging,236,In-Transit
SH0294,N10,N12,2025-07-14,Train,Fabric,1672,Pending
SH0295,N10,N06,2025-07-23,Truck,Zippers,2997,Delivered
SH0296,N05,N13,2025-07-13,Truck,Thread,1056,Delivered
SH0297,N02,N14,2025-06-20,Truck,Fabric,2126,Delivered
SH0298,N15,N10,2025-07-15,Truck,Packaging,2296,In-Transit
SH0299,N03,N14,2025-07-18,Truck,Thread,576,Delivered
SH0300,N03,N10,2025-07-12,Truck,Garments,1831,In-Transit
SH0301,N06,N18,2025-07-04,Train,Zippers,1299,In-Transit
SH0302,N15,N11,2025-07-28,Train,Zippers,1202,Pending
SH0303,N03,N05,2025-07-11,Truck,Packaging,436,In-Transit
SH0304,N05,N12,2025-06-30,Truck,Packaging,766,Pending
SH0305,N14,N04,2025-06-20,Truck,Fabric,2343,Delivered
SH0306,N01,N06,2025-07-08,Truck,Fabric,759,Pending
SH0307,N03,N16,2025-06-29,Train,Garments,2431,Delivered
SH0308,N10,N04,2025-07-13,Train,Zippers,1233,Delivered
SH0309,N01,N18,2025-06-27,Truck,Packaging,855,Pending
SH0310,N14,N07,2025-06-17,Train,Thread,1382,In-Transit
SH0311,N20,N11,2025-07-13,Truck,Garments,1923,In-Transit
SH0312,N10,N05,2025-07-13,Train,Fabric,2376,Pending
SH0313,N16,N06,2025-07-26,Truck,Garments,1103,Delivered
SH0314,N10,N06,2025-06-19,Train,Garments,2204,In-Transit
SH0315,N18,N16,2025-07-26,Truck,Packaging,632,Pending
SH0316,N14,N20,2025-07-01,Truck,Fabric,2562,Pending
SH0317,N03,N07,2025-06-18,Train,Garments,1575,Pending
SH0318,N05,N16,2025-07-28,Truck,Packaging,383,Pending
SH0319,N06,N04,2025-07-19,Truck,Thread,411,In-Transit
SH0320,N15,N13,2025-07-25,Train,Thread,2423,Pending
SH0321,N02,N20,2025-06-30,Truck,Zippers,2337,Delivered
SH0322,N03,N13,2025-06-26,Train,Fabric,2233,Delivered
SH0323,N05,N07,2025-06-25,Train,Packaging,2244,Delivered
SH0324,N15,N06,2025-07-09,Truck,Garments,2596,Pending
SH0325,N01,N06,2025-07-14,Train,Zippers,982,Delivered
SH0326,N14,N06,2025-07-03,Truck,Thread,355,In-Transit
SH0327,N11,N13,2025-06-28,Truck,Thread,1432,Pending
SH0328,N20,N15,2025-06-16,Truck,Zippers,850,Pending
SH0329,N15,N05,2025-07-07,Train,Garments,2296,Pending
SH0330,N02,N16,2025-07-10,Train,Fabric,2646,Delivered
SH0331,N11,N06,2025-07-04,Train,Garments,751,Pending
SH0332,N16,N11,2025-07-09,Train,Packaging,1219,Pending
SH0333,N10,N14,2025-07-17,Train,Garments,334,Delivered
SH0334,N13,N17,2025-07-09,Train,Packaging,112,In-Transit
SH0335,N02,N15,2025-06-18,Train,Fabric,1307,Delivered
SH0336,N03,N11,2025-06-24,Truck,Packaging,2572,Delivered
SH0337,N04,N15,2025-07-18,Train,Fabric,169,Delivered
SH0338,N06,N01,2025-07-28,Truck,Zippers,1211,In-Transit
SH0339,N02,N06,2025-07-13,Truck,Packaging,1806,In-Transit
SH0340,N06,N18,2025-07-09,Train,Packaging,1059,Pending
SH0341,N01,N03,2025-06-20,Truck,Garments,206,Pending
SH0342,N20,N12,2025-07-17,Train,Zippers,1423,In-Transit
SH0343,N18,N04,2025-06-30,Truck,Fabric,983,In-Transit
SH0344,N15,N18,2025-06-20,Truck,Zippers,1398,In-Transit
SH0345,N03,N11,2025-07-25,Train,Fabric,1748,Pending
SH0346,N20,N15,2025-07-25,Train,Fabric,2702,Delivered
SH0347,N04,N01,2025-07-25,Truck,Fabric,1596,Delivered
SH0348,N13,N16,2025-07-07,Truck,Thread,2337,In-Transit
SH0349,N05,N12,2025-07-22,Train,Thread,2418,In-Transit
SH0350,N14,N02,2025-07-17,Train,Zippers,1795,Delivered
SH0351,N20,N07,2025-06-20,Train,Fabric,1627,Pending
SH0352,N15,N18,2025-06-26,Train,Thread,1147,Delivered
SH0353,N05,N16,2025-06-22,Train,Fabric,1310,In-Transit
SH0354,N18,N16,2025-07-06,Train,Fabric,668,Delivered
SH0355,N06,N11,2025-07-17,Train,Thread,2744,Delivered
SH0356,N01,N07,2025-06-24,Train,Garments,2150,Delivered
SH0357,N17,N11,2025-07-24,Truck,Zippers,374,Delivered
SH0358,N07,N10,2025-07-11,Train,Zippers,2506,Pending
SH0359,N11,N13,2025-07-07,Train,Fabric,2647,In-Transit
SH0360,N07,N15,2025-07-27,Truck,Fabric,215,In-Transit
SH0361,N12,N15,2025-06-25,Truck,Fabric,2879,Pending
SH0362,N03,N14,2025-06-17,Truck,Garments,1375,Pending
SH0363,N07,N06,2025-06-26,Truck,Fabric,1569,In-Transit
SH0364,N17,N13,2025-07-08,Truck,Fabric,1533,Pending
SH0365,N20,N01,2025-06-19,Truck,Zippers,2059,In-Transit
SH0366,N15,N17,2025-07-17,Train,Packaging,2265,In-Transit
SH0367,N03,N20,2025-07-13,Truck,Zippers,2517,In-Transit
SH0368,N03,N18,2025-06-26,Train,Garments,2641,In-Transit
SH0369,N14,N03,2025-07-03,Truck,Thread,413,Delivered
SH0370,N10,N07,2025-07-03,Train,Fabric,2442,Pending
SH0371,N15,N05,2025-07-21,Truck,Garments,1875,In-Transit
SH0372,N20,N06,2025-06-20,Train,Fabric,2647,Pending
SH0373,N16,N14,2025-06-21,Truck,Thread,1774,Delivered
SH0374,N10,N04,2025-06-21,Truck,Thread,2892,Delivered
SH0375,N18,N13,2025-06-14,Truck,Garments,953,In-Transit
SH0376,N11,N16,2025-06-16,Train,Thread,147,Delivered
SH0377,N01,N02,2025-07-27,Truck,Garments,2781,Delivered
SH0378,N14,N20,2025-07-17,Truck,Thread,2555,In-Transit
SH0379,N16,N15,2025-07-10,Train,Garments,1832,Delivered
SH0380,N03,N04,2025-07-03,Train,Packaging,2086,Delivered
SH0381,N11,N13,2025-07-05,Train,Thread,292,Delivered
SH0382,N13,N04,2025-06-26,Train,Packaging,615,Delivered
SH0383,N07,N15,2025-06-20,Truck,Zippers,819,Delivered
SH0384,N11,N15,2025-07-25,Train,Packaging,2329,Delivered
SH0385,N07,N02,2025-06-17,Truck,Packaging,1700,Pending
SH0386,N06,N11,2025-07-02,Truck,Garments,1937,Pending
SH0387,N18,N17,2025-06-14,Train,Packaging,2208,In-Transit
SH0388,N03,N13,2025-07-03,Truck,Fabric,387,Delivered
SH0389,N16,N12,2025-06-25,Train,Fabric,213,Delivered
SH0390,N10,N13,2025-07-24,Train,Fabric,1435,In-Transit
SH0391,N10,N16,2025-06-25,Truck,Fabric,557,Pending
SH0392,N17,N20,2025-07-04,Truck,Garments,757,Delivered
SH0393,N12,N10,2025-06-18,Truck,Fabric,1718,Pending
SH0394,N11,N16,2025-06-18,Train,Thread,454,In-Transit
SH0395,N13,N04,2025-06-30,Train,Thread,1992,Delivered
SH0396,N16,N01,2025-06-29,Truck,Fabric,344,In-Transit
SH0397,N03,N06,2025-07-02,Train,Zippers,1289,Pending
SH0398,N13,N17,2025-07-05,Train,Garments,1258,Delivered
SH0399,N14,N07,2025-07-13,Train,Zippers,975,Pending
SH0400,N14,N07,2025-06-27,Truck,Garments,412,In-Transit
SH0401,N12,N16,2025-07-02,Train,Fabric,1313,Delivered
SH0402,N12,N03,2025-07-27,Train,Fabric,1796,Delivered
SH0403,N17,N18,2025-07-10,Truck,Thread,322,Delivered
SH0404,N06,N20,2025-07-10,Train,Thread,838,Pending
SH0405,N02,N07,2025-07-24,Train,Fabric,2756,Pending
SH0406,N02,N11,2025-06-19,Train,Zippers,1112,Delivered
SH0407,N02,N06,2025-07-24,Train,Thread,2910,Pending
SH0408,N17,N13,2025-06-16,Train,Fabric,1661,Delivered
SH0409,N04,N02,2025-07-07,Train,Packaging,1533,In-Transit
SH0410,N07,N04,2025-07-18,Truck,Zippers,1433,Delivered
SH0411,N02,N11,2025-06-23,Train,Zippers,2877,Pending
SH0412,N20,N18,2025-07-04,Train,Garments,2123,Pending
SH0413,N15,N17,2025-06-30,Train,Fabric,1130,Pending
SH0414,N07,N12,2025-06-21,Truck,Zippers,2600,In-Transit
SH0415,N11,N07,2025-06-18,Train,Packaging,1182,Pending
SH0416,N05,N14,2025-07-10,Train,Fabric,1733,Delivered
SH0417,N04,N12,2025-07-04,Truck,Thread,679,Delivered
SH0418,N15,N05,2025-07-04,Truck,Packaging,885,Delivered
SH0419,N20,N10,2025-06-15,Truck,Garments,1695,Delivered
SH0420,N13,N17,2025-07-12,Truck,Packaging,966,Pending
SH0421,N12,N14,2025-07-20,Truck,Thread,2398,In-Transit
SH0422,N11,N04,2025-06-16,Train,Zippers,2149,Pending
SH0423,N13,N02,2025-07-02,Truck,Thread,2692,Pending
SH0424,N02,N10,2025-07-23,Truck,Packaging,1708,Pending
SH0425,N06,N17,2025-07-15,Train,Garments,2537,Delivered
SH0426,N02,N11,2025-06-22,Train,Thread,1569,Delivered
SH0427,N07,N10,2025-06-15,Truck,Zippers,372,In-Transit
SH0428,N17,N06,2025-07-09,Truck,Thread,1248,In-Transit
SH0429,N13,N10,2025-06-19,Train,Packaging,654,Pending
SH0430,N04,N17,2025-07-23,Train,Packaging,1323,In-Transit
SH0431,N03,N17,2025-07-19,Train,Thread,1861,In-Transit
SH0432,N20,N17,2025-06-29,Train,Packaging,183,Delivered
SH0433,N05,N06,2025-07-02,Truck,Zippers,2953,Delivered
SH0434,N07,N16,2025-07-15,Truck,Thread,2980,Pending
SH0435,N06,N18,2025-07-01,Train,Thread,2057,Delivered
SH0436,N12,N16,2025-07-05,Truck,Garments,1554,Pending
SH0437,N18,N11,2025-07-28,Truck,Zippers,2269,In-Transit
SH0438,N03,N15,2025-07-13,Truck,Thread,687,Delivered
SH0439,N01,N17,2025-07-02,Truck,Thread,795,In-Transit
SH0440,N17,N07,2025-07-18,Train,Garments,1716,In-Transit
SH0441,N04,N16,2025-07-23,Truck,Garments,416,Pending
SH0442,N18,N17,2025-06-25,Truck,Zippers,2763,Delivered
SH0443,N20,N07,2025-06-24,Train,Packaging,468,In-Transit
SH0444,N16,N18,2025-07-05,Truck,Garments,2146,In-Transit
SH0445,N17,N15,2025-07-06,Train,Garments,261,In-Transit
SH0446,N11,N17,2025-07-28,Truck,Thread,978,Delivered
SH0447,N13,N16,2025-07-21,Train,Packaging,1493,Pending
SH0448,N17,N16,2025-06-26,Train,Fabric,2741,Delivered
SH0449,N02,N17,2025-07-21,Truck,Garments,2479,Delivered
SH0450,N13,N02,2025-07-05,Truck,Thread,1500,Pending
SH0451,N18,N11,2025-07-14,Truck,Zippers,1152,Delivered
SH0452,N12,N04,2025-07-18,Train,Thread,2757,Pending
SH0453,N13,N12,2025-06-29,Train,Zippers,2491,In-Transit
SH0454,N13,N02,2025-07-05,Truck,Zippers,1236,Delivered
SH0455,N13,N20,2025-07-25,Train,Fabric,2298,Delivered
SH0456,N17,N12,2025-07-23,Truck,Zippers,422,Pending
SH0457,N20,N14,2025-06-19,Train,Thread,1706,Delivered
SH0458,N10,N05,2025-07-17,Truck,Thread,2327,In-Transit
SH0459,N18,N04,2025-07-22,Truck,Thread,2067,Pending
SH0460,N05,N01,2025-06-29,Train,Zippers,2068,In-Transit
SH0461,N04,N20,2025-07-28,Truck,Zippers,916,Delivered
SH0462,N02,N14,2025-06-21,Truck,Thread,516,In-Transit
SH0463,N14,N01,2025-07-07,Truck,Zippers,1540,Pending
SH0464,N05,N12,2025-06-27,Truck,Garments,2961,Delivered
SH0465,N07,N10,2025-07-21,Train,Packaging,297,In-Transit
SH0466,N11,N13,2025-06-20,Train,Zippers,693,Pending
SH0467,N03,N05,2025-07-16,Truck,Zippers,2549,Pending
SH0468,N18,N14,2025-07-26,Train,Garments,856,In-Transit
SH0469,N01,N10,2025-07-27,Train,Packaging,179,Delivered
SH0470,N02,N06,2025-07-18,Train,Garments,2657,In-Transit
SH0471,N15,N18,2025-06-27,Truck,Garments,2504,In-Transit
SH0472,N13,N18,2025-07-18,Train,Thread,1079,Pending
SH0473,N03,N20,2025-06-23,Truck,Thread,1007,In-Transit
SH0474,N13,N04,2025-07-08,Truck,Thread,387,Pending
SH0475,N15,N11,2025-07-08,Train,Garments,2329,Delivered
SH0476,N16,N14,2025-07-09,Truck,Zippers,2781,Pending
SH0477,N02,N13,2025-07-26,Truck,Garments,964,In-Transit
SH0478,N15,N11,2025-06-18,Truck,Thread,2307,In-Transit
SH0479,N18,N03,2025-06-21,Train,Garments,2243,Delivered
SH0480,N12,N20,2025-07-03,Train,Thread,364,Pending
SH0481,N10,N11,2025-06-15,Train,Fabric,315,Pending
SH0482,N14,N01,2025-06-22,Train,Zippers,852,Delivered
SH0483,N11,N05,2025-07-17,Truck,Garments,1177,Pending
SH0484,N16,N15,2025-07-20,Train,Garments,1306,In-Transit
SH0485,N01,N17,2025-07-06,Truck,Fabric,1865,Delivered
SH0486,N06,N07,2025-07-13,Train,Thread,1934,In-Transit
SH0487,N01,N02,2025-06-18,Train,Fabric,388,In-Transit
SH0488,N14,N04,2025-07-06,Train,Fabric,401,In-Transit
SH0489,N18,N12,2025-07-18,Train,Packaging,109,Delivered
SH0490,N14,N15,2025-07-07,Truck,Thread,828,Delivered
SH0491,N13,N11,2025-06-19,Truck,Packaging,1278,In-Transit
SH0492,N05,N10,2025-07-26,Train,Fabric,996,Pending
SH0493,N05,N03,2025-07-21,Train,Packaging,970,Pending
SH0494,N11,N10,2025-07-25,Train,Thread,2666,In-Transit
SH0495,N12,N20,2025-06-29,Truck,Thread,380,Delivered
SH0496,N10,N15,2025-06-22,Train,Zippers,872,In-Transit
SH0497,N16,N15,2025-07-07,Truck,Fabric,2357,Pending
SH0498,N04,N15,2025-06-18,Truck,Thread,2025,In-Transit
SH0499,N15,N11,2025-06-28,Truck,Packaging,1296,In-Transit
SH0500,N17,N06,2025-06-23,Truck,Packaging,1284,In-Transit
SH0501,N05,N03,2025-07-05,Train,Packaging,2297,In-Transit
SH0502,N18,N17,2025-07-28,Truck,Packaging,227,Pending
SH0503,N01,N06,2025-06-29,Train,Fabric,2930,In-Transit
SH0504,N18,N03,2025-07-17,Truck,Thread,2479,In-Transit
SH0505,N02,N03,2025-07-23,Train,Thread,1222,Pending
SH0506,N15,N16,2025-06-20,Truck,Packaging,1593,Delivered
SH0507,N17,N15,2025-07-09,Truck,Thread,1152,Pending
SH0508,N06,N13,2025-06-18,Truck,Thread,2953,Pending
SH0509,N17,N16,2025-07-12,Truck,Packaging,2330,Delivered
SH0510,N12,N05,2025-06-15,Train,Thread,952,Delivered
SH0511,N17,N12,2025-06-25,Truck,Zippers,681,Delivered
SH0512,N02,N18,2025-06-22,Train,Garments,1900,Delivered
SH0513,N11,N07,2025-07-01,Truck,Zippers,2704,Pending
SH0514,N04,N10,2025-07-22,Train,Fabric,2205,Delivered
SH0515,N14,N05,2025-07-12,Train,Fabric,2325,In-Transit
SH0516,N11,N14,2025-06-21,Truck,Garments,762,In-Transit
SH0517,N02,N07,2025-06-18,Train,Thread,245,Pending
SH0518,N03,N04,2025-06-20,Train,Fabric,339,Pending
SH0519,N11,N18,2025-07-21,Truck,Packaging,1675,Pending
SH0520,N04,N18,2025-07-25,Train,Thread,1882,In-Transit
SH0521,N16,N12,2025-07-23,Train,Garments,1143,Delivered
SH0522,N20,N02,2025-07-14,Train,Fabric,1261,Delivered
SH0523,N13,N16,2025-06-20,Train,Thread,2271,In-Transit
SH0524,N03,N02,2025-06-28,Truck,Packaging,1254,Pending
SH0525,N18,N01,2025-07-02,Truck,Zippers,2398,Pending
SH0526,N14,N02,2025-06-21,Truck,Zippers,2424,Pending
SH0527,N15,N07,2025-07-09,Train,Fabric,57,Pending
SH0528,N01,N20,2025-07-26,Train,Packaging,860,In-Transit
SH0529,N02,N13,2025-06-19,Truck,Packaging,2905,In-Transit
SH0530,N03,N20,2025-07-17,Truck,Fabric,2016,Delivered
SH0531,N10,N04,2025-07-25,Train,Packaging,257,Pending
SH0532,N18,N11,2025-07-15,Train,Packaging,2381,Pending
SH0533,N03,N02,2025-07-01,Truck,Packaging,2579,Delivered
SH0534,N10,N14,2025-06-27,Train,Thread,2070,Pending
SH0535,N18,N02,2025-07-10,Train,Fabric,1608,In-Transit
SH0536,N12,N20,2025-07-09,Truck,Thread,2664,In-Transit
SH0537,N15,N06,2025-07-21,Truck,Garments,2507,Pending
SH0538,N12,N05,2025-07-03,Train,Fabric,1918,In-Transit
SH0539,N06,N03,2025-06-16,Truck,Thread,1603,Delivered
SH0540,N01,N03,2025-07-17,Train,Thread,475,Pending
SH0541,N17,N13,2025-06-30,Truck,Packaging,2137,Delivered
SH0542,N13,N02,2025-07-16,Train,Packaging,2809,Delivered
SH0543,N20,N04,2025-07-17,Train,Fabric,910,Pending
SH0544,N11,N16,2025-06-26,Train,Thread,1231,Pending
SH0545,N01,N07,2025-07-21,Truck,Zippers,1837,Pending
SH0546,N06,N14,2025-07-21,Train,Fabric,2589,Pending
SH0547,N16,N15,2025-06-24,Train,Fabric,1840,Pending
SH0548,N03,N18,2025-06-18,Train,Packaging,2243,Delivered
SH0549,N07,N17,2025-06-21,Train,Garments,2366,Pending
SH0550,N13,N04,2025-06-17,Train,Garments,1528,Pending
SH0551,N16,N03,2025-06-21,Truck,Garments,877,Delivered
SH0552,N20,N18,2025-06-26,Train,Packaging,124,In-Transit
SH0553,N11,N05,2025-07-21,Train,Packaging,1817,In-Transit
SH0554,N02,N16,2025-06-19,Train,Packaging,2667,In-Transit
SH0555,N11,N16,2025-07-03,Train,Zippers,658,In-Transit
SH0556,N15,N11,2025-06-18,Truck,Packaging,2142,In-Transit
SH0557,N07,N11,2025-07-22,Truck,Garments,1015,In-Transit
SH0558,N11,N16,2025-07-18,Truck,Packaging,1434,Pending
SH0559,N04,N18,2025-07-18,Train,Fabric,2541,In-Transit
SH0560,N13,N04,2025-07-04,Train,Zippers,1120,In-Transit
SH0561,N01,N13,2025-07-17,Train,Thread,750,In-Transit
SH0562,N17,N02,2025-06-19,Truck,Fabric,243,Delivered
SH0563,N12,N10,2025-06-15,Truck,Packaging,772,In-Transit
SH0564,N18,N05,2025-06-19,Train,Fabric,1311,Delivered
SH0565,N17,N01,2025-07-13,Truck,Zippers,365,In-Transit
SH0566,N18,N06,2025-07-15,Truck,Thread,2339,Delivered
SH0567,N11,N04,2025-06-25,Train,Zippers,2160,Pending
SH0568,N17,N06,2025-06-25,Truck,Packaging,1426,In-Transit
SH0569,N14,N11,2025-07-21,Truck,Packaging,623,Delivered
SH0570,N04,N07,2025-07-01,Train,Packaging,803,Pending
SH0571,N16,N04,2025-07-11,Train,Garments,2203,Pending
SH0572,N10,N16,2025-06-17,Train,Garments,1965,Pending
SH0573,N04,N06,2025-06-18,Train,Zippers,325,Pending
SH0574,N04,N15,2025-06-25,Truck,Packaging,1059,In-Transit
SH0575,N13,N10,2025-07-26,Train,Fabric,2160,Pending
SH0576,N06,N07,2025-07-26,Train,Garments,2983,In-Transit
SH0577,N15,N20,2025-07-25,Train,Packaging,1081,In-Transit
SH0578,N07,N12,2025-07-13,Truck,Packaging,493,Pending
SH0579,N07,N06,2025-07-04,Truck,Packaging,2377,Delivered
SH0580,N06,N18,2025-06-17,Train,Garments,1733,Pending
SH0581,N01,N17,2025-07-24,Train,Garments,2963,Pending
SH0582,N01,N04,2025-07-11,Truck,Garments,1974,Pending
SH0583,N15,N16,2025-07-11,Truck,Thread,2247,Delivered
SH0584,N05,N20,2025-07-04,Train,Thread,819,Pending
SH0585,N11,N18,2025-06-23,Train,Packaging,1580,Pending
SH0586,N06,N12,2025-07-12,Truck,Garments,1297,Pending
SH0587,N17,N14,2025-07-24,Truck,Zippers,1165,In-Transit
SH0588,N06,N20,2025-07-04,Truck,Thread,2260,In-Transit
SH0589,N04,N17,2025-07-14,Train,Thread,998,Delivered
SH0590,N13,N20,2025-07-03,Truck,Fabric,2063,Delivered
SH0591,N04,N11,2025-07-08,Truck,Packaging,1295,In-Transit
SH0592,N12,N11,2025-07-12,Truck,Zippers,159,Delivered
SH0593,N07,N03,2025-07-03,Train,Zippers,2683,In-Transit
SH0594,N20,N01,2025-07-03,Truck,Fabric,1521,Delivered
SH0595,N03,N13,2025-07-23,Train,Packaging,1493,Pending
SH0596,N07,N18,2025-06-20,Train,Packaging,1387,In-Transit
SH0597,N18,N10,2025-06-20,Train,Garments,219,In-Transit
SH0598,N10,N05,2025-07-03,Train,Packaging,1723,Delivered
SH0599,N05,N18,2025-06-17,Truck,Garments,1025,Pending
SH0600,N12,N16,2025-07-01,Train,Fabric,1870,Pending
SH0601,N10,N15,2025-06-26,Truck,Thread,155,In-Transit
SH0602,N02,N06,2025-06-18,Train,Fabric,596,Delivered
SH0603,N10,N07,2025-06-24,Truck,Packaging,54,In-Transit
SH0604,N04,N07,2025-06-29,Train,Zippers,233,Pending
SH0605,N14,N11,2025-06-30,Train,Fabric,833,In-Transit
SH0606,N06,N01,2025-06-14,Train,Fabric,2125,Delivered
SH0607,N14,N12,2025-07-22,Truck,Fabric,1565,In-Transit
SH0608,N02,N13,2025-06-18,Truck,Garments,1307,Delivered
SH0609,N04,N14,2025-06-18,Truck,Thread,1622,In-Transit
SH0610,N01,N17,2025-06-24,Train,Thread,421,Pending
SH0611,N04,N03,2025-07-19,Train,Zippers,384,In-Transit
SH0612,N18,N07,2025-07-24,Train,Zippers,1577,Pending
SH0613,N04,N05,2025-06-25,Truck,Fabric,2309,Pending
SH0614,N03,N02,2025-07-02,Truck,Packaging,2064,In-Transit
SH0615,N14,N16,2025-06-27,Train,Packaging,414,In-Transit
SH0616,N02,N05,2025-06-22,Train,Packaging,1390,In-Transit
SH0617,N04,N01,2025-06-20,Train,Packaging,2289,Delivered
SH0618,N02,N14,2025-07-20,Truck,Fabric,2597,Delivered
SH0619,N03,N18,2025-06-17,Truck,Zippers,1275,Pending
SH0620,N02,N13,2025-07-28,Truck,Thread,512,Delivered
SH0621,N15,N05,2025-07-15,Truck,Garments,1253,In-Transit
SH0622,N03,N04,2025-07-12,Train,Packaging,1875,Delivered
SH0623,N01,N13,2025-07-14,Train,Zippers,2212,In-Transit
SH0624,N13,N18,2025-07-22,Train,Packaging,1274,Delivered
SH0625,N13,N03,2025-06-23,Train,Garments,2805,In-Transit
SH0626,N16,N06,2025-06-23,Train,Fabric,1874,In-Transit
SH0627,N18,N11,2025-07-16,Truck,Garments,2489,Delivered
SH0628,N12,N20,2025-07-03,Train,Garments,2401,Pending
SH0629,N05,N15,2025-07-10,Train,Garments,153,Delivered
SH0630,N14,N15,2025-06-15,Truck,Garments,2968,Pending
SH0631,N13,N16,2025-06-24,Truck,Garments,2140,Delivered
SH0632,N10,N07,2025-07-03,Train,Fabric,1355,Pending
SH0633,N01,N03,2025-07-09,Truck,Zippers,1231,Delivered
SH0634,N05,N07,2025-07-16,Train,Packaging,1238,In-Transit
SH0635,N15,N17,2025-07-09,Train,Garments,64,In-Transit
SH0636,N03,N06,2025-07-01,Truck,Thread,1200,Pending
SH0637,N15,N20,2025-06-15,Train,Zippers,533,Pending
SH0638,N07,N01,2025-07-22,Truck,Zippers,1017,Delivered
SH0639,N02,N14,2025-07-10,Truck,Garments,116,In-Transit
SH0640,N02,N07,2025-07-10,Truck,Packaging,1729,Pending
SH0641,N12,N04,2025-07-15,Truck,Fabric,247,In-Transit
SH0642,N20,N12,2025-07-01,Truck,Zippers,2216,In-Transit
SH0643,N18,N17,2025-07-19,Truck,Fabric,729,In-Transit
SH0644,N16,N17,2025-07-28,Truck,Packaging,1617,In-Transit
SH0645,N05,N01,2025-07-27,Truck,Zippers,2416,Delivered
SH0646,N05,N03,2025-07-07,Truck,Thread,1306,In-Transit
SH0647,N20,N14,2025-06-23,Train,Fabric,1658,In-Transit
SH0648,N18,N15,2025-06-26,Truck,Garments,1807,Delivered
SH0649,N20,N14,2025-07-05,Train,Thread,784,Delivered
SH0650,N15,N10,2025-07-05,Train,Zippers,1552,In-Transit
SH0651,N04,N07,2025-06-27,Truck,Fabric,2124,In-Transit
SH0652,N13,N20,2025-06-22,Train,Zippers,2995,Pending
SH0653,N12,N02,2025-06-15,Truck,Garments,301,Pending
SH0654,N16,N20,2025-06-20,Train,Fabric,2621,Delivered
SH0655,N16,N15,2025-06-21,Truck,Fabric,1560,In-Transit
SH0656,N05,N14,2025-06-28,Train,Fabric,1439,In-Transit
SH0657,N18,N13,2025-07-01,Train,Zippers,1104,Pending
SH0658,N07,N18,2025-07-23,Train,Packaging,1780,Delivered
SH0659,N13,N15,2025-06-28,Truck,Garments,76,Pending
SH0660,N06,N01,2025-07-08,Truck,Fabric,2007,Pending
SH0661,N07,N06,2025-07-05,Train,Zippers,1912,Pending
SH0662,N03,N16,2025-07-04,Train,Fabric,2871,In-Transit
SH0663,N16,N07,2025-07-21,Train,Packaging,1077,Pending
SH0664,N16,N15,2025-06-19,Train,Fabric,1794,In-Transit
SH0665,N15,N03,2025-06-27,Truck,Packaging,2282,Delivered
SH0666,N11,N03,2025-07-12,Truck,Thread,2596,Delivered
SH0667,N04,N07,2025-06-14,Truck,Packaging,1426,Pending
SH0668,N05,N14,2025-06-22,Truck,Thread,1779,Pending
SH0669,N07,N03,2025-06-18,Truck,Thread,2454,Pending
SH0670,N01,N07,2025-07-18,Truck,Zippers,2610,In-Transit
SH0671,N20,N01,2025-07-17,Truck,Thread,928,Delivered
SH0672,N12,N04,2025-07-02,Truck,Fabric,450,Pending
SH0673,N18,N01,2025-06-24,Truck,Garments,375,Delivered
SH0674,N12,N01,2025-06-14,Train,Zippers,300,Pending
SH0675,N16,N04,2025-06-29,Truck,Fabric,1487,Delivered
SH0676,N10,N18,2025-07-05,Truck,Thread,2102,In-Transit
SH0677,N12,N04,2025-07-14,Truck,Packaging,795,Pending
SH0678,N17,N18,2025-06-14,Train,Fabric,1781,Pending
SH0679,N15,N20,2025-07-24,Train,Thread,2685,Pending
SH0680,N10,N12,2025-06-27,Train,Zippers,1961,Delivered
SH0681,N13,N14,2025-06-23,Truck,Fabric,2968,In-Transit
SH0682,N03,N13,2025-06-26,Train,Packaging,474,Pending
SH0683,N10,N06,2025-06-14,Truck,Packaging,2485,Pending
SH0684,N14,N10,2025-07-06,Truck,Fabric,1286,Pending
SH0685,N14,N07,2025-07-16,Train,Fabric,1726,In-Transit
SH0686,N15,N01,2025-06-23,Truck,Packaging,543,Pending
SH0687,N01,N02,2025-07-04,Truck,Fabric,552,Delivered
SH0688,N01,N04,2025-07-13,Train,Fabric,1724,In-Transit
SH0689,N18,N04,2025-07-01,Truck,Thread,1078,In-Transit
SH0690,N10,N07,2025-06-27,Truck,Packaging,2442,In-Transit
SH0691,N20,N11,2025-07-23,Train,Garments,706,Delivered
SH0692,N03,N04,2025-06-18,Truck,Garments,650,Pending
SH0693,N17,N10,2025-07-27,Train,Garments,1482,In-Transit
SH0694,N12,N02,2025-07-03,Train,Fabric,2863,In-Transit
SH0695,N12,N03,2025-07-23,Truck,Fabric,686,In-Transit
SH0696,N04,N02,2025-07-25,Train,Zippers,116,Pending
SH0697,N17,N05,2025-07-16,Train,Zippers,2243,In-Transit
SH0698,N04,N18,2025-06-28,Truck,Thread,84,In-Transit
SH0699,N01,N20,2025-06-25,Train,Zippers,809,In-Transit
SH0700,N18,N13,2025-06-22,Truck,Fabric,2615,Pending
SH0701,N14,N18,2025-06-19,Truck,Packaging,2621,Delivered
SH0702,N04,N11,2025-07-02,Truck,Thread,2400,Delivered
SH0703,N15,N18,2025-07-17,Train,Zippers,2873,Delivered
SH0704,N20,N03,2025-07-12,Truck,Fabric,1299,In-Transit
SH0705,N18,N12,2025-06-17,Truck,Thread,1986,Delivered
SH0706,N06,N15,2025-07-08,Truck,Thread,2145,Delivered
SH0707,N18,N11,2025-07-10,Truck,Packaging,512,Pending
SH0708,N17,N05,2025-07-20,Truck,Zippers,1164,In-Transit
SH0709,N14,N13,2025-07-04,Train,Garments,884,Pending
SH0710,N16,N17,2025-07-28,Train,Zippers,1836,Pending
SH0711,N18,N12,2025-07-09,Truck,Zippers,1393,Pending
SH0712,N03,N13,2025-06-24,Train,Zippers,1787,Pending
SH0713,N05,N15,2025-07-02,Train,Fabric,1578,Delivered
SH0714,N15,N04,2025-07-04,Truck,Zippers,2904,Delivered
SH0715,N10,N01,2025-06-29,Truck,Fabric,2639,Pending
SH0716,N13,N05,2025-07-02,Train,Thread,1972,Pending
SH0717,N11,N04,2025-06-22,Truck,Packaging,2331,Pending
SH0718,N11,N18,2025-07-07,Truck,Garments,2113,Delivered
SH0719,N18,N03,2025-07-16,Train,Garments,1466,Delivered
SH0720,N12,N06,2025-07-09,Truck,Thread,1706,Delivered
SH0721,N07,N17,2025-07-13,Train,Fabric,647,In-Transit
SH0722,N07,N20,2025-07-08,Train,Fabric,510,Pending
SH0723,N12,N15,2025-06-28,Truck,Zippers,2910,In-Transit
SH0724,N12,N18,2025-07-17,Truck,Packaging,1807,Delivered
SH0725,N17,N03,2025-07-03,Truck,Zippers,2523,In-Transit
SH0726,N14,N13,2025-07-22,Truck,Garments,1415,Pending
SH0727,N17,N16,2025-06-17,Truck,Packaging,1357,In-Transit
SH0728,N14,N16,2025-06-30,Train,Zippers,2198,Pending
SH0729,N15,N07,2025-06-19,Truck,Packaging,1116,Delivered
SH0730,N04,N11,2025-06-30,Train,Thread,1572,In-Transit
SH0731,N17,N16,2025-06-20,Train,Thread,1831,Delivered
SH0732,N03,N16,2025-07-20,Truck,Garments,1943,Delivered
SH0733,N15,N03,2025-06-25,Truck,Zippers,1149,Pending
SH0734,N16,N02,2025-06-18,Train,Packaging,1692,Pending
SH0735,N17,N16,2025-06-17,Train,Zippers,331,Pending
SH0736,N02,N12,2025-07-13,Train,Garments,1009,Delivered
SH0737,N10,N02,2025-06-21,Train,Thread,1056,Delivered
SH0738,N13,N15,2025-07-13,Truck,Garments,229,Delivered
SH0739,N20,N15,2025-07-09,Train,Zippers,1102,Delivered
SH0740,N20,N14,2025-06-25,Train,Packaging,1108,Pending
SH0741,N01,N13,2025-07-05,Train,Packaging,416,Pending
SH0742,N04,N20,2025-07-24,Train,Fabric,143,Pending
SH0743,N07,N11,2025-07-15,Train,Packaging,991,In-Transit
SH0744,N17,N13,2025-07-06,Truck,Packaging,880,Delivered
SH0745,N12,N15,2025-07-11,Train,Garments,2192,Delivered
SH0746,N07,N01,2025-06-15,Truck,Zippers,1728,Pending
SH0747,N16,N10,2025-06-19,Truck,Garments,2794,In-Transit
SH0748,N03,N07,2025-07-18,Train,Garments,712,In-Transit
SH0749,N10,N03,2025-07-08,Truck,Fabric,73,Delivered
SH0750,N12,N05,2025-07-20,Train,Garments,2175,Delivered
SH0751,N02,N13,2025-07-23,Train,Packaging,970,In-Transit
SH0752,N20,N01,2025-07-17,Train,Garments,2084,Delivered
SH0753,N15,N07,2025-06-19,Train,Zippers,2971,Delivered
SH0754,N02,N15,2025-06-20,Train,Zippers,1647,In-Transit
SH0755,N02,N07,2025-06-15,Truck,Thread,2528,Delivered
SH0756,N05,N02,2025-07-27,Train,Garments,1316,In-Transit
SH0757,N04,N17,2025-06-21,Train,Zippers,1772,In-Transit
SH0758,N02,N16,2025-07-28,Train,Garments,496,Pending
SH0759,N05,N18,2025-07-26,Train,Packaging,983,Pending
SH0760,N13,N03,2025-07-06,Train,Packaging,974,Pending
SH0761,N12,N20,2025-07-07,Truck,Thread,2168,In-Transit
SH0762,N14,N03,2025-07-18,Truck,Fabric,2078,In-Transit
SH0763,N11,N07,2025-07-02,Train,Zippers,713,Delivered
SH0764,N11,N10,2025-07-06,Train,Thread,250,In-Transit
SH0765,N17,N11,2025-07-08,Train,Packaging,1961,Delivered
SH0766,N20,N15,2025-07-13,Train,Garments,1443,Pending
SH0767,N16,N15,2025-07-23,Train,Thread,1735,Delivered
SH0768,N13,N10,2025-06-19,Truck,Garments,2279,In-Transit
SH0769,N01,N07,2025-07-04,Truck,Fabric,2017,In-Transit
SH0770,N15,N06,2025-07-03,Train,Garments,1517,Pending
SH0771,N14,N12,2025-07-09,Train,Packaging,1632,Delivered
SH0772,N17,N02,2025-07-11,Truck,Zippers,2277,Delivered
SH0773,N02,N04,2025-07-06,Truck,Zippers,1485,Pending
SH0774,N04,N12,2025-07-22,Truck,Packaging,1592,In-Transit
SH0775,N01,N15,2025-07-11,Truck,Fabric,2479,Delivered
SH0776,N02,N12,2025-07-14,Train,Zippers,2482,Delivered
SH0777,N07,N13,2025-07-24,Train,Packaging,2852,In-Transit
SH0778,N02,N13,2025-06-22,Truck,Thread,2733,In-Transit
SH0779,N12,N05,2025-07-04,Train,Thread,841,Pending
SH0780,N07,N20,2025-06-14,Train,Fabric,1619,Delivered
SH0781,N15,N13,2025-07-13,Train,Thread,1353,In-Transit
SH0782,N12,N05,2025-06-22,Train,Garments,1353,Delivered
SH0783,N02,N11,2025-06-15,Truck,Zippers,2120,In-Transit
SH0784,N20,N07,2025-07-02,Train,Garments,333,Pending
SH0785,N10,N12,2025-07-08,Train,Garments,2880,In-Transit
SH0786,N18,N05,2025-06-14,Train,Garments,2316,Pending
SH0787,N16,N07,2025-07-23,Train,Fabric,2238,In-Transit
SH0788,N11,N17,2025-06-27,Train,Packaging,1444,Pending
SH0789,N06,N17,2025-07-08,Train,Thread,401,Pending
SH0790,N15,N01,2025-07-05,Truck,Garments,666,Delivered
SH0791,N06,N15,2025-06-29,Truck,Zippers,177,In-Transit
SH0792,N06,N13,2025-06-16,Truck,Fabric,922,Pending
SH0793,N07,N13,2025-07-19,Train,Garments,1506,In-Transit
SH0794,N17,N06,2025-07-02,Train,Packaging,2921,Delivered
SH0795,N11,N01,2025-07-12,Truck,Thread,2084,Delivered
SH0796,N11,N07,2025-07-25,Train,Fabric,710,In-Transit
SH0797,N02,N12,2025-07-09,Train,Garments,1805,In-Transit
SH0798,N02,N20,2025-07-17,Train,Garments,2956,In-Transit
SH0799,N02,N12,2025-07-02,Truck,Fabric,1458,Pending
SH0800,N10,N02,2025-07-14,Train,Packaging,2763,Delivered
SH0801,N14,N18,2025-07-10,Train,Packaging,2287,Pending
SH0802,N06,N11,2025-07-20,Truck,Zippers,2549,In-Transit
SH0803,N16,N01,2025-07-22,Truck,Packaging,1678,Pending
SH0804,N02,N20,2025-07-12,Truck,Packaging,2917,Delivered
SH0805,N10,N07,2025-06-16,Truck,Thread,2510,Pending
SH0806,N06,N15,2025-07-26,Train,Fabric,1855,In-Transit
SH0807,N07,N06,2025-06-27,Train,Packaging,467,Pending
SH0808,N16,N13,2025-07-08,Train,Zippers,2379,Pending
SH0809,N07,N15,2025-07-27,Truck,Garments,952,In-Transit
SH0810,N01,N18,2025-07-15,Train,Garments,1884,Delivered
SH0811,N02,N16,2025-06-21,Train,Fabric,1400,In-Transit
SH0812,N12,N11,2025-06-27,Train,Fabric,2047,Delivered
SH0813,N20,N11,2025-07-10,Truck,Fabric,2389,Pending
SH0814,N04,N06,2025-06-29,Train,Packaging,522,Pending
SH0815,N01,N13,2025-06-29,Train,Packaging,2289,Delivered
SH0816,N14,N18,2025-06-19,Truck,Packaging,761,Delivered
SH0817,N10,N12,2025-07-09,Train,Packaging,2146,In-Transit
SH0818,N01,N04,2025-06-28,Truck,Packaging,1872,Pending
SH0819,N03,N20,2025-07-18,Truck,Zippers,247,Delivered
SH0820,N14,N04,2025-07-20,Truck,Packaging,1637,Pending
SH0821,N02,N13,2025-07-25,Truck,Garments,561,In-Transit
SH0822,N17,N16,2025-07-28,Train,Thread,2434,Delivered
SH0823,N06,N03,2025-07-01,Truck,Zippers,2398,Pending
SH0824,N16,N20,2025-07-15,Truck,Zippers,1028,In-Transit
SH0825,N01,N03,2025-06-21,Train,Packaging,2175,Delivered
SH0826,N17,N02,2025-06-27,Train,Fabric,476,Pending
SH0827,N15,N13,2025-07-12,Truck,Packaging,1999,In-Transit
SH0828,N15,N10,2025-07-17,Truck,Garments,1638,Delivered
SH0829,N15,N17,2025-07-05,Train,Packaging,91,In-Transit
SH0830,N18,N12,2025-07-07,Truck,Fabric,1408,Pending
SH0831,N02,N13,2025-07-09,Truck,Zippers,1965,Delivered
SH0832,N11,N07,2025-07-15,Train,Zippers,2987,In-Transit
SH0833,N06,N02,2025-07-01,Truck,Garments,1862,Delivered
SH0834,N12,N04,2025-07-10,Train,Fabric,1712,Delivered
SH0835,N03,N05,2025-06-25,Truck,Packaging,1578,In-Transit
SH0836,N12,N05,2025-07-11,Truck,Fabric,223,In-Transit
SH0837,N11,N14,2025-06-17,Train,Zippers,586,Pending
SH0838,N11,N03,2025-07-22,Train,Fabric,907,Delivered
SH0839,N07,N06,2025-07-09,Train,Fabric,2811,Pending
SH0840,N18,N17,2025-07-25,Train,Packaging,2437,Pending
SH0841,N06,N13,2025-07-16,Train,Fabric,652,Delivered
SH0842,N05,N02,2025-06-25,Truck,Garments,2197,Delivered
SH0843,N02,N04,2025-06-27,Train,Fabric,2185,Delivered
SH0844,N13,N16,2025-06-16,Train,Garments,2859,Delivered
SH0845,N12,N18,2025-06-14,Truck,Garments,2365,Pending
SH0846,N17,N05,2025-07-19,Truck,Thread,457,In-Transit
SH0847,N02,N13,2025-06-26,Truck,Packaging,1830,Delivered
SH0848,N05,N16,2025-07-02,Truck,Thread,2178,Delivered
SH0849,N05,N13,2025-07-09,Truck,Garments,2995,In-Transit
SH0850,N15,N18,2025-07-17,Truck,Fabric,2556,Pending
SH0851,N07,N16,2025-07-20,Truck,Garments,953,Pending
SH0852,N14,N10,2025-07-25,Truck,Packaging,802,Pending
SH0853,N01,N11,2025-07-08,Train,Packaging,77,Delivered
SH0854,N17,N05,2025-06-20,Train,Zippers,1726,In-Transit
SH0855,N17,N01,2025-07-17,Train,Zippers,1206,Pending
SH0856,N07,N02,2025-06-14,Train,Garments,2287,In-Transit
SH0857,N12,N02,2025-07-13,Train,Thread,2712,In-Transit
SH0858,N18,N06,2025-07-11,Truck,Garments,652,Pending
SH0859,N15,N12,2025-06-30,Train,Garments,438,In-Transit
SH0860,N15,N13,2025-07-19,Train,Zippers,1677,Delivered
SH0861,N12,N15,2025-07-01,Train,Thread,1218,Pending
SH0862,N13,N17,2025-07-19,Train,Garments,2189,Delivered
SH0863,N11,N02,2025-07-23,Train,Packaging,1656,Pending
SH0864,N06,N12,2025-07-16,Train,Thread,1110,In-Transit
SH0865,N15,N12,2025-06-22,Truck,Packaging,52,Pending
SH0866,N16,N15,2025-07-01,Truck,Fabric,693,Delivered
SH0867,N03,N20,2025-07-15,Train,Thread,2421,In-Transit
SH0868,N13,N04,2025-07-13,Train,Fabric,746,Delivered
SH0869,N11,N12,2025-07-28,Train,Garments,2807,In-Transit
SH0870,N13,N11,2025-07-04,Train,Garments,701,In-Transit
SH0871,N04,N15,2025-06-21,Train,Thread,2655,In-Transit
SH0872,N17,N12,2025-06-15,Truck,Thread,2363,Delivered
SH0873,N05,N15,2025-07-05,Truck,Thread,1399,In-Transit
SH0874,N11,N04,2025-06-17,Truck,Fabric,98,Delivered
SH0875,N16,N04,2025-07-03,Truck,Packaging,1416,In-Transit
SH0876,N20,N14,2025-07-28,Truck,Thread,1826,In-Transit
SH0877,N18,N13,2025-07-08,Truck,Packaging,1779,Pending
SH0878,N04,N02,2025-07-25,Truck,Zippers,2459,Pending
SH0879,N18,N07,2025-06-14,Train,Packaging,1330,Delivered
SH0880,N16,N13,2025-07-22,Truck,Fabric,2117,Delivered
SH0881,N10,N13,2025-06-20,Train,Zippers,2631,In-Transit
SH0882,N15,N17,2025-06-18,Truck,Fabric,745,Pending
SH0883,N04,N14,2025-07-06,Train,Garments,1966,In-Transit
SH0884,N04,N17,2025-07-25,Truck,Packaging,2208,Delivered
SH0885,N15,N10,2025-06-30,Truck,Packaging,1962,Delivered
SH0886,N17,N18,2025-06-23,Train,Zippers,2667,Delivered
SH0887,N14,N10,2025-06-29,Train,Thread,1878,Pending
SH0888,N03,N20,2025-07-01,Train,Fabric,1697,In-Transit
SH0889,N16,N17,2025-07-17,Truck,Packaging,744,In-Transit
SH0890,N18,N06,2025-07-08,Truck,Thread,905,Pending
SH0891,N01,N06,2025-07-19,Train,Zippers,1965,Pending
SH0892,N13,N02,2025-06-21,Truck,Fabric,1349,In-Transit
SH0893,N17,N11,2025-06-14,Train,Fabric,774,In-Transit
SH0894,N10,N05,2025-06-15,Truck,Thread,1268,In-Transit
SH0895,N14,N03,2025-07-22,Truck,Packaging,2393,Delivered
SH0896,N07,N11,2025-07-14,Train,Thread,2258,Pending
SH0897,N20,N13,2025-06-22,Train,Packaging,368,In-Transit
SH0898,N20,N15,2025-06-25,Train,Fabric,2757,Pending
SH0899,N14,N04,2025-07-09,Truck,Garments,2914,Pending
SH0900,N05,N10,2025-07-24,Train,Thread,2968,Delivered
SH0901,N02,N10,2025-07-15,Truck,Garments,577,In-Transit
SH0902,N17,N20,2025-06-21,Train,Fabric,574,Delivered
SH0903,N15,N14,2025-07-19,Truck,Fabric,1450,In-Transit
SH0904,N10,N05,2025-07-09,Train,Fabric,2743,In-Transit
SH0905,N02,N11,2025-06-24,Train,Zippers,705,Pending
SH0906,N01,N04,2025-07-04,Train,Zippers,1675,Delivered
SH0907,N05,N13,2025-07-09,Truck,Garments,2013,Pending
SH0908,N13,N06,2025-07-02,Truck,Packaging,2272,Delivered
SH0909,N04,N07,2025-06-21,Truck,Fabric,2059,In-Transit
SH0910,N03,N13,2025-07-25,Train,Thread,146,In-Transit
SH0911,N17,N20,2025-07-11,Truck,Zippers,728,Delivered
SH0912,N18,N02,2025-07-02,Train,Thread,1610,In-Transit
SH0913,N01,N03,2025-06-25,Truck,Packaging,1232,Delivered
SH0914,N07,N01,2025-07-11,Train,Garments,2781,Delivered
SH0915,N03,N11,2025-06-23,Truck,Packaging,993,Delivered
SH0916,N11,N16,2025-06-20,Truck,Fabric,128,In-Transit
SH0917,N14,N01,2025-07-02,Truck,Fabric,2246,In-Transit
SH0918,N13,N20,2025-06-17,Truck,Thread,71,In-Transit
SH0919,N18,N17,2025-07-15,Train,Thread,1391,Delivered
SH0920,N03,N07,2025-07-05,Train,Zippers,2318,In-Transit
SH0921,N20,N12,2025-07-13,Truck,Garments,1136,In-Transit
SH0922,N07,N13,2025-07-02,Train,Garments,1968,In-Transit
SH0923,N11,N10,2025-07-07,Train,Fabric,315,In-Transit
SH0924,N04,N11,2025-07-19,Train,Packaging,2229,Delivered
SH0925,N10,N14,2025-07-28,Truck,Packaging,1413,Pending
SH0926,N02,N15,2025-06-25,Truck,Packaging,1704,Pending
SH0927,N10,N13,2025-06-29,Train,Thread,1186,In-Transit
SH0928,N13,N16,2025-07-07,Truck,Thread,2786,Pending
SH0929,N20,N10,2025-07-16,Train,Fabric,1505,Delivered
SH0930,N20,N15,2025-07-09,Truck,Thread,583,Pending
SH0931,N12,N13,2025-06-30,Truck,Packaging,382,Delivered
SH0932,N01,N03,2025-06-14,Train,Packaging,585,In-Transit
SH0933,N15,N04,2025-06-17,Truck,Packaging,2217,In-Transit
SH0934,N03,N14,2025-07-23,Truck,Thread,2801,Delivered
SH0935,N05,N13,2025-06-30,Truck,Thread,2498,Delivered
SH0936,N01,N04,2025-07-12,Truck,Garments,2234,Delivered
SH0937,N16,N10,2025-07-25,Train,Garments,843,Pending
SH0938,N17,N03,2025-06-24,Train,Garments,1735,Pending
SH0939,N03,N01,2025-06-20,Truck,Thread,1549,Delivered
SH0940,N02,N06,2025-07-08,Train,Thread,1245,Delivered
SH0941,N11,N06,2025-06-29,Train,Fabric,2585,Pending
SH0942,N15,N17,2025-07-14,Train,Thread,707,Pending
SH0943,N02,N12,2025-07-19,Truck,Fabric,231,In-Transit
SH0944,N02,N14,2025-06-30,Train,Thread,299,Pending
SH0945,N03,N01,2025-07-22,Truck,Garments,967,In-Transit
SH0946,N11,N04,2025-07-13,Truck,Zippers,693,In-Transit
SH0947,N01,N03,2025-06-21,Train,Packaging,1250,Delivered
SH0948,N06,N18,2025-07-28,Truck,Zippers,2123,Delivered
SH0949,N20,N05,2025-07-17,Train,Packaging,115,Delivered
SH0950,N20,N02,2025-06-20,Train,Garments,1129,Delivered
SH0951,N18,N17,2025-07-05,Train,Thread,462,Pending
SH0952,N10,N06,2025-06-24,Train,Packaging,1703,Pending
SH0953,N11,N17,2025-07-07,Train,Fabric,1390,Pending
SH0954,N17,N16,2025-06-17,Train,Zippers,2713,Delivered
SH0955,N13,N01,2025-07-01,Truck,Thread,2266,Pending
SH0956,N20,N12,2025-07-02,Truck,Packaging,2719,Pending
SH0957,N06,N04,2025-06-16,Truck,Garments,1740,In-Transit
SH0958,N11,N15,2025-07-08,Truck,Thread,362,Delivered
SH0959,N06,N07,2025-07-27,Truck,Zippers,2136,In-Transit
SH0960,N01,N15,2025-07-25,Train,Zippers,2949,In-Transit
SH0961,N16,N02,2025-07-28,Train,Garments,971,Pending
SH0962,N06,N01,2025-07-12,Truck,Fabric,2577,Pending
SH0963,N01,N15,2025-07-14,Truck,Garments,691,In-Transit
SH0964,N10,N14,2025-06-29,Train,Garments,1646,Pending
SH0965,N06,N02,2025-06-24,Train,Packaging,200,In-Transit
SH0966,N20,N12,2025-07-24,Truck,Fabric,268,Delivered
SH0967,N04,N20,2025-07-07,Truck,Zippers,300,Delivered
SH0968,N13,N03,2025-06-17,Train,Garments,2296,Delivered
SH0969,N07,N10,2025-06-16,Train,Thread,634,In-Transit
SH0970,N14,N15,2025-07-17,Train,Fabric,2819,Delivered
SH0971,N06,N16,2025-06-26,Truck,Packaging,2313,Pending
SH0972,N13,N10,2025-07-02,Train,Garments,2884,Delivered
SH0973,N16,N14,2025-07-14,Train,Garments,2241,Delivered
SH0974,N10,N06,2025-06-22,Train,Thread,844,Pending
SH0975,N17,N07,2025-07-27,Train,Zippers,1229,Delivered
SH0976,N04,N17,2025-06-30,Train,Packaging,376,Pending
SH0977,N13,N04,2025-06-25,Train,Thread,2238,In-Transit
SH0978,N12,N07,2025-07-23,Train,Thread,2715,Delivered
SH0979,N06,N15,2025-07-01,Train,Garments,1134,In-Transit
SH0980,N14,N12,2025-06-25,Train,Thread,1515,Pending
SH0981,N03,N14,2025-06-29,Truck,Thread,2754,Pending
SH0982,N13,N10,2025-06-24,Train,Garments,2473,In-Transit
SH0983,N03,N11,2025-07-26,Truck,Packaging,457,Delivered
SH0984,N01,N20,2025-07-05,Train,Thread,362,Delivered
SH0985,N04,N01,2025-07-06,Train,Packaging,1287,In-Transit
SH0986,N15,N01,2025-07-01,Train,Zippers,497,Delivered
SH0987,N02,N06,2025-06-25,Train,Packaging,1040,Delivered
SH0988,N04,N14,2025-07-15,Truck,Packaging,121,Pending
SH0989,N05,N02,2025-07-10,Truck,Garments,1905,Pending
SH0990,N03,N13,2025-07-26,Train,Packaging,1337,Pending
SH0991,N16,N20,2025-07-11,Train,Packaging,1641,Pending
SH0992,N01,N11,2025-06-19,Train,Zippers,783,Pending
SH0993,N17,N12,2025-07-28,Train,Zippers,147,In-Transit
SH0994,N10,N02,2025-07-12,Truck,Packaging,1331,Pending
SH0995,N18,N01,2025-07-08,Train,Zippers,2704,Delivered
SH0996,N10,N01,2025-06-20,Train,Fabric,1157,Pending
SH0997,N15,N18,2025-07-19,Train,Garments,2384,Delivered
SH0998,N14,N20,2025-06-25,Train,Packaging,2023,Delivered
SH0999,N03,N18,2025-06-20,Train,Packaging,140,In-Transit
SH1000,N14,N03,2025-07-09,Truck,Zippers,2890,In-Transit
